{
    "diagonal": {
        "islip_frame_1": [
            [
                0.6,
                0.6,
                0.6,
                0.6,
                0.6,
                0.6,
                0.6,
                0.6,
                0.85
            ],
            [
                1.5936033832294794,
                2.9569052129128037,
                5.513723731881011,
                10.352636782021838,
                19.92008300747295,
                38.53874470695248,
                75.4895084997844,
                153.54243964299175,
                1000.0083144936069
            ]
        ],
        "sliding_window_qps_frame_16": [
            [
                0.6,
                0.6,
                0.6,
                0.6,
                0.6,
                0.6,
                0.6,
                0.6,
                0.85,
                0.85,
                0.85,
                0.85,
                0.85,
                0.85,
                0.85,
                0.85
            ],
            [
                2.4325182448397102,
                3.367738209599541,
                4.815377647029219,
                7.204445802299424,
                11.525015905019117,
                19.832126171470545,
                37.328599120675634,
                69.87755471255655,
                5.668538602807908,
                7.420586741649962,
                10.904489448650477,
                19.596678072450246,
                39.16876678422299,
                79.29945704118384,
                160.81925872352207,
                320.2931458928871
            ]
        ]
    },
    "log-diagonal": {
        "islip_frame_1": [
            [
                0.6,
                0.6,
                0.6,
                0.6,
                0.6,
                0.6,
                0.6,
                0.6,
                0.85
            ],
            [
                1.9800100728209895,
                3.349622465384874,
                5.879980106479565,
                10.845343859248658,
                20.271839343604217,
                39.78517326037284,
                76.11845940496084,
                162.88019128353884,
                1000.0092921516373
            ]
        ],
        "sliding_window_qps_frame_16": [
            [
                0.6,
                0.6,
                0.6,
                0.6,
                0.6,
                0.6,
                0.6,
                0.6,
                0.85,
                0.85,
                0.85,
                0.85,
                0.85,
                0.85,
                0.85,
                0.85
            ],
            [
                2.784683195648333,
                3.6327930371305026,
                4.852325286953516,
                6.614377855439114,
                9.316571146469203,
                14.239478103750347,
                22.553001663960508,
                39.35377061157716,
                6.702528068671392,
                7.958084802178618,
                10.310123078183775,
                14.958857316259017,
                23.26010514960131,
                39.402813388237426,
                69.31736153824237,
                128.60036235684856
            ]
        ]
    },
    "quasi-diagonal": {
        "islip_frame_1": [
            [
                0.6,
                0.6,
                0.6,
                0.6,
                0.6,
                0.6,
                0.6,
                0.6,
                0.85
            ],
            [
                2.1899398916705666,
                3.7416199629319697,
                6.693149531238406,
                12.504714129136795,
                23.77695451276405,
                47.34748912633273,
                94.57567291159785,
                181.51633049268167,
                1000.0214624541514
            ]
        ],
        "sliding_window_qps_frame_16": [
            [
                0.6,
                0.6,
                0.6,
                0.6,
                0.6,
                0.6,
                0.6,
                0.6,
                0.85,
                0.85,
                0.85,
                0.85,
                0.85,
                0.85,
                0.85,
                0.85
            ],
            [
                2.894894416983975,
                3.7121837591556694,
                4.819654574888404,
                6.28762102869011,
                8.32672862902713,
                11.240520837438861,
                16.021547813639824,
                23.587684893357373,
                7.509856281483524,
                8.687655640909682,
                11.021217020482615,
                15.19600072215117,
                22.333516365844098,
                34.39365698359618,
                58.34316211939905,
                102.46939406308384
            ]
        ]
    },
    "switch_size": "64X64",
    "uniform": {
        "islip_frame_1": [
            [
                0.6,
                0.6,
                0.6,
                0.6,
                0.6,
                0.6,
                0.6,
                0.6,
                0.85,
                0.85,
                0.85,
                0.85,
                0.85,
                0.85,
                0.85,
                0.85
            ],
            [
                1.8704451025513114,
                2.433066422571909,
                3.1485984033120302,
                4.013653135145147,
                5.043809849658021,
                6.189860883323119,
                7.399841697253063,
                8.888121199398896,
                5.849742811400578,
                6.453460006648702,
                7.43509841610453,
                8.813916143448079,
                10.718899541115126,
                13.124042038628264,
                16.169737158445045,
                19.81950189585345
            ]
        ],
        "sliding_window_qps_frame_16": [
            [
                0.6,
                0.6,
                0.6,
                0.6,
                0.6,
                0.6,
                0.6,
                0.6,
                0.85,
                0.85,
                0.85,
                0.85,
                0.85,
                0.85,
                0.85,
                0.85
            ],
            [
                3.1195180789074297,
                3.7544260164777064,
                4.5507218516958385,
                5.444771499882841,
                6.526847498419513,
                7.801135775792108,
                8.970716421007042,
                10.779228072678812,
                8.291400212515526,
                9.206379387091467,
                10.853675709886522,
                13.496233677500754,
                17.816460656368545,
                24.573196960001795,
                36.36619664887153,
                57.93592382297171
            ]
        ]
    }
}
