{"diagonal": {"SWQPS": [[1, 2, 3, 4, 5, 6, 7, 8], [2.913287170876684, 4.358114839383445, 6.7497468121647834, 11.477584741460308, 21.627924479994874, 42.916311221747975, 85.92957037254386, 167.9519956308237]], "SBQPS": [[1, 2, 3, 4, 5, 6, 7, 8], [17.008429041704037, 19.167316450929324, 23.946189183066945, 33.73608144302357, 53.658682947339436, 91.3127515494052, 168.64468650331142, 333.4488684516277]], "iSLIP": [[1, 2, 3, 4, 5, 6, 7, 8], [7.701531803114737, 13.683558875190775, 24.751656581620228, 45.210507858572925, 86.51272235157893, 175.32852243792365, 332.6259539218237, 621.8270763622039]], "MWM": [[1, 2, 3, 4, 5, 6, 7, 8], [1.842303976081614, 2.6210714123594663, 3.73184906034611, 5.325800499276883, 7.591606534476168, 10.788203721672401, 15.231858905031594, 21.686302777741354]]}, "quasidiagonal": {"SWQPS": [[1, 2, 3, 4, 5, 6, 7, 8], [4.249832706378585, 5.36848292350769, 7.142043384623703, 10.113368753209825, 15.20824827632397, 23.802287681007023, 39.564584139653164, 70.30390206373197]], "SBQPS": [[1, 2, 3, 4, 5, 6, 7, 8], [17.4470719199514, 19.207548267934918, 22.845067734928385, 30.17028216467679, 44.5286458291124, 73.11603166171716, 125.22066763230829, 225.07430791042108]], "iSLIP": [[1, 2, 3, 4, 5, 6, 7, 8], [1000.0018134607286]], "MWM": [[1, 2, 3, 4, 5, 6, 7, 8], [2.006203910152654, 2.330013188740223, 2.7397713567666697, 3.25268723928309, 3.8643725430240607, 4.581210820907012, 5.417298273739787, 6.41688387623313]]}, "logdiagonal": {"SWQPS": [[1, 2, 3, 4, 5, 6, 7, 8], [3.8013075258620734, 4.962492185216218, 6.878536219360321, 10.160143732383037, 16.262176734926214, 27.7161513044256, 48.6354915654563, 90.31405634397288]], "SBQPS": [[1, 2, 3, 4, 5, 6, 7, 8], [17.166592230824545, 18.913954002612567, 22.66872300242572, 30.187295787848527, 44.65235766128182, 74.85299166742941, 133.76825236335148, 247.28025649362272]], "iSLIP": [[1, 2, 3, 4, 5, 6, 7, 8], [23.182823973630413, 37.02786633696704, 66.7320399714216, 111.57416267120189, 207.43828080377486, 438.276036218341]], "MWM": [[1, 2, 3, 4, 5, 6, 7, 8], [2.1337312868641196, 2.7447631074792938, 3.612957395365243, 4.7761581014311245, 6.259568364708524, 8.206427026260126, 10.629256384971688, 13.78953079547908]]}, "uniform": {"SWQPS": [[1, 2, 3, 4, 5, 6, 7, 8], [4.940751815049986, 5.7867891297666825, 7.137414105490891, 9.106996659880597, 12.125944198340477, 16.967574178496804, 25.07637610690581, 40.53439985300186]], "SBQPS": [[1, 2, 3, 4, 5, 6, 7, 8], [18.25355080583307, 19.857084354897093, 22.98107995122286, 28.75812643547277, 40.16140605053963, 62.61833803141933, 107.0886992815839, 188.50610949626545]], "iSLIP": [[1, 2, 3, 4, 5, 6, 7, 8], [4.180886911796365, 4.837926868158512, 5.779002569927193, 7.0484939084387355, 8.702747212124976, 10.833153139358203, 13.35231476085259, 16.170212562881435]], "MWM": [[1, 2, 3, 4, 5, 6, 7, 8], [2.2307778541615773, 2.3157789304726797, 2.4454421269184783, 2.619870779173913, 2.8503257134976816, 3.1229632923995636, 3.4406511483434716, 3.8413068894393416]]}}