{"diagonal": {"MWM": [[1, 2, 3, 4, 5, 6, 7, 8], [1.0708813298587965, 1.6902505367865228, 2.579719902144881, 3.8475869409011887, 5.664015060532691, 8.204566100992459, 11.908734732822609, 16.988311205077224]], "iSLIP": [[1, 2, 3, 4, 5, 6, 7, 8], [1.5936033832294794, 2.9569052129128037, 5.513723731881011, 10.352636782021838, 19.92008300747295, 38.53874470695248, 75.4895084997844, 153.54243964299175]], "SWQPS": [[1, 2, 3, 4, 5, 6, 7, 8], [1.4321613994214784, 2.3686672499352412, 3.814503834789965, 6.195844771129936, 10.536090128498804, 18.853767963101383, 36.39818476405287, 68.88902762868497]], "SBQPS": [[1, 2, 3, 4, 5, 6, 7, 8], [14.594895480264217, 15.766188370847837, 17.87460490861762, 21.724035474295334, 29.228879778613305, 43.791329162726775, 73.1170701928783, 134.45604324421197]]}, "switch_size": "64X64", "uniform": {"MWM": [[1, 2, 3, 4, 5, 6, 7, 8], [1.1157803860443982, 1.2583510260931672, 1.4024928329259347, 1.528792178564483, 1.6611042259321684, 1.7953211556266968, 1.8934963083376946, 2.0354125993794026]], "iSLIP": [[1, 2, 3, 4, 5, 6, 7, 8], [1.8704451025513114, 2.433066422571909, 3.1485984033120302, 4.013653135145147, 5.043809849658021, 6.189860883323119, 7.399841697253063, 8.888121199398896]], "SWQPS": [[1, 2, 3, 4, 5, 6, 7, 8], [2.153271515034069, 2.8192410770748366, 3.6613986400972354, 4.644460622248841, 5.933830682295576, 7.6219747776643825, 9.651745449689482, 13.403774636600291]], "SBQPS": [[1, 2, 3, 4, 5, 6, 7, 8], [14.404359672504501, 15.0648033214177, 16.163476273292304, 18.02561260064408, 21.469857080079862, 27.85923135938239, 39.75491806204007, 65.73922176033003]]}, "quasidiagonal": {"MWM": [[1, 2, 3, 4, 5, 6, 7, 8], [1.1031589596877047, 1.401121430272785, 1.736288036886597, 2.112907675174818, 2.5369037968647743, 3.011945809590326, 3.560239411632797, 4.136361530423622]], "iSLIP": [[1, 2, 3, 4, 5, 6, 7, 8], [2.1899398916705666, 3.7416199629319697, 6.693149531238406, 12.504714129136795, 23.77695451276405, 47.34748912633273, 94.57567291159785, 181.51633049268167]], "SWQPS": [[1, 2, 3, 4, 5, 6, 7, 8], [1.9038356555974614, 2.7321336105980696, 3.8554293418295478, 5.347592449741351, 7.428106652791197, 10.366850036676333, 15.22751299216016, 22.98464230221939]], "SBQPS": [[1, 2, 3, 4, 5, 6, 7, 8], [14.472706842942438, 15.312218578445728, 16.73756655364622, 19.2414250932438, 23.880576568521676, 33.028755923193714, 50.96454512482717, 84.28527488122239]]}, "logdiagonal": {"MWM": [[1, 2, 3, 4, 5, 6, 7, 8], [1.171732802131217, 1.6475544826971036, 2.3030399268800004, 3.143030828762669, 4.151483351272667, 5.413081940339823, 6.8371938702894095, 8.667953344653363]], "iSLIP": [[1, 2, 3, 4, 5, 6, 7, 8], [1.9800100728209895, 3.349622465384874, 5.879980106479565, 10.845343859248658, 20.271839343604217, 39.78517326037284, 76.11845940496084, 162.88019128353884]], "SWQPS": [[1, 2, 3, 4, 5, 6, 7, 8], [1.7894974187191042, 2.6368035059077575, 3.858722946691038, 5.624948309031087, 8.334036915743804, 13.266912726435764, 21.627376852099808, 38.49135446329906]], "SBQPS": [[1, 2, 3, 4, 5, 6, 7, 8], [14.494595964252445, 15.453504024151968, 17.10155301392632, 20.09290012236889, 25.58275115453556, 36.45714833682888, 57.03030216129866, 103.11143705753909]]}}