{"diagonal": {"SWQPS": [[0.1, 0.2, 0.3, 0.4, 0.5, 0.55, 0.6, 0.65, 0.7, 0.72, 0.74, 0.76, 0.77, 0.78, 0.79, 0.8, 0.81, 0.82, 0.825, 0.83, 0.835, 0.84, 0.845, 0.85, 0.855, 0.86, 0.865, 0.87, 0.875, 0.88, 0.885], [0.026056307168342025, 0.06224816293098153, 0.11444121702731476, 0.19272835449748565, 0.31894754235627915, 0.41249709828127396, 0.5402742587155955, 0.7190451229656586, 0.9911732304009476, 1.1381980692118916, 1.321392225538896, 1.5496223083126908, 1.6883187692065613, 1.850208957901423, 2.0309910509767346, 2.2479715552038813, 2.509681208088464, 2.8233102174654645, 3.0059390908155104, 3.2067966975961544, 3.4431369130238627, 3.7052736444315837, 4.000598991588383, 4.370380078307546, 4.785393921107888, 5.308447443333297, 5.957919446895913, 6.819833497209774, 8.121060367774945, 11.863755861518724, 1000.0026523513147]], "iSLIP": [[0.1, 0.2, 0.3, 0.4, 0.5, 0.55, 0.6, 0.65, 0.7, 0.72, 0.74, 0.76, 0.78, 0.8, 0.81, 0.82, 0.83], [0.025892538821353454, 0.06136735162371008, 0.11201557311414966, 0.18729392250833177, 0.30890372203867056, 0.4012166862403359, 0.5336566297779307, 0.7332755335359143, 1.0851760746877606, 1.3104734357825545, 1.6356424117384418, 2.1349591778661017, 3.0501790314377453, 5.249856107652507, 8.222276210937952, 19.3806398161853, 769.6376453489445]], "MWM": [[0.1, 0.2, 0.3, 0.4, 0.5, 0.55, 0.6, 0.65, 0.7, 0.72, 0.74, 0.76, 0.78, 0.8, 0.81, 0.82, 0.83, 0.84, 0.85, 0.855, 0.86, 0.865, 0.87, 0.875, 0.88, 0.885, 0.89, 0.895, 0.9, 0.905, 0.91, 0.915, 0.92, 0.925, 0.93, 0.935, 0.94, 0.945, 0.95, 0.955, 0.96, 0.965, 0.97, 0.975, 0.98, 0.99], [0.025928958595713973, 0.0614869572637015, 0.11099772231110283, 0.18252255464889883, 0.290064421650789, 0.3646810044458458, 0.461235361684805, 0.5911137282484856, 0.7686834671766637, 0.8599887323083969, 0.9680355645553541, 1.0991008414834684, 1.2553151915380285, 1.4511087060733805, 1.5667659473351654, 1.697502201886853, 1.845144699588536, 2.0097261760600285, 2.206051387771069, 2.3161895920417845, 2.429837021793093, 2.5597257418449257, 2.6940853651932346, 2.8371073125516104, 3.0023602074332922, 3.182266897646563, 3.3669570791762173, 3.5826337616946913, 3.812993681738416, 4.067646961504003, 4.356177884191161, 4.690430916503622, 5.042213564892038, 5.479865603123017, 5.934460242252194, 6.498778598391931, 7.136473443576553, 7.911889070780287, 8.85089361870261, 9.96033864543265, 11.39952499726906, 13.24225060000143, 15.729595520656016, 19.14810314696191, 24.36982969089641, 50.112927922392146]], "SBQPS": [[0.1, 0.2, 0.3, 0.4, 0.5, 0.55, 0.6, 0.65, 0.7, 0.72, 0.74, 0.76, 0.77, 0.78, 0.79, 0.8, 0.81, 0.82, 0.825, 0.83, 0.835, 0.84, 0.845, 0.85, 0.855, 0.86, 0.865, 0.87], [9.451032149855411, 10.331296042605189, 11.196123444966224, 12.056536142217496, 12.917184314290935, 13.349309905974424, 13.789959829501404, 14.24326891314438, 14.736054678384594, 14.955131590827492, 15.199173378351361, 15.476443042388905, 15.64272526694609, 15.82862787626697, 16.04751960519412, 16.305692415144577, 16.633824903351464, 17.08481738535272, 17.367001094906104, 17.73463137836853, 18.18882909369918, 18.838214110682188, 19.74307325370998, 21.31255766814344, 24.18227352764697, 32.78897755310944, 172.2882547389505, 1000.0009537862412]]}, "logdiagonal": {"SWQPS": [[0.1, 0.2, 0.3, 0.4, 0.5, 0.55, 0.6, 0.65, 0.7, 0.72, 0.74, 0.76, 0.77, 0.78, 0.79, 0.8, 0.81, 0.82, 0.825, 0.83, 0.835, 0.84, 0.845, 0.85, 0.855, 0.86, 0.865, 0.87, 0.875, 0.88, 0.885, 0.89, 0.895, 0.9, 0.905, 0.91, 0.915], [0.03990093767290108, 0.09735027699911725, 0.18229288381608208, 0.3122144435325391, 0.5201404050496623, 0.6716025530111822, 0.8771745280559861, 1.1575040837509027, 1.5645314105057395, 1.7814098273960828, 2.039176587351204, 2.3550185164396784, 2.541656330663564, 2.7559794683566867, 2.991158398803913, 3.263377419949762, 3.571814722244975, 3.9384107297199455, 4.150850230332276, 4.3649578152966395, 4.603189417057667, 4.87130642785241, 5.17021736520731, 5.508906415448522, 5.869971692788558, 6.287518378706217, 6.7766470661059905, 7.333043043417023, 8.018895380523642, 8.872759343328122, 10.011627083444422, 11.595285555250177, 13.973228978029157, 18.31519063901571, 27.221900770061808, 51.78300734262531, 366.7860711855749]], "iSLIP": [[0.1, 0.2, 0.3, 0.4, 0.5, 0.55, 0.6, 0.65, 0.7, 0.72, 0.74, 0.76, 0.78, 0.8, 0.81, 0.82], [0.03971620126034341, 0.09567822496860466, 0.1772049713261363, 0.299016943996941, 0.49889875134852224, 0.6504230733782811, 0.8654414202500059, 1.1978382207957836, 1.7870001013667065, 2.179947315314009, 2.786226637786652, 3.819667303262705, 6.141640702245701, 16.974780905813468, 206.81657766967407, 1000.0045984322145]], "MWM": [[0.1, 0.2, 0.3, 0.4, 0.5, 0.55, 0.6, 0.65, 0.7, 0.72, 0.74, 0.76, 0.78, 0.8, 0.81, 0.82, 0.83, 0.84, 0.85, 0.855, 0.86, 0.865, 0.87, 0.875, 0.88, 0.885, 0.89, 0.895, 0.9, 0.905, 0.91, 0.915, 0.92, 0.925, 0.93, 0.935, 0.94, 0.945, 0.95, 0.955, 0.96, 0.965, 0.97, 0.975, 0.98, 0.99], [0.0396382975761204, 0.09461948637780382, 0.1714691793336212, 0.2784279461492002, 0.4328970986890377, 0.5370016267171915, 0.6659906178357753, 0.8326202840741299, 1.0542496405574375, 1.1651688037985637, 1.2917309881240162, 1.4455173863836555, 1.6226523748310728, 1.8375094388682545, 1.9639359475501161, 2.1024576129873687, 2.2567889928834757, 2.4323939557825347, 2.632218211584165, 2.744765963720296, 2.864890810938953, 2.9897372075205144, 3.129559195861641, 3.272528127868606, 3.4350343767196705, 3.6122909467539843, 3.8132477336689012, 4.005880196980355, 4.24466863988495, 4.493340906230265, 4.757251440855743, 5.072526918872601, 5.409565581908659, 5.818976758611716, 6.243879971058266, 6.750388268069806, 7.341781279211675, 8.004285958858556, 8.827117226898753, 9.779282687639242, 10.99396719540055, 12.546241172871717, 14.485979783685634, 17.303856918039347, 21.538756460017062, 40.73868090326529]], "SBQPS": [[0.1, 0.2, 0.3, 0.4, 0.5, 0.55, 0.6, 0.65, 0.7, 0.72, 0.74, 0.76, 0.77, 0.78, 0.79, 0.8, 0.81, 0.82, 0.825, 0.83, 0.835, 0.84, 0.845, 0.85, 0.855, 0.86, 0.865, 0.87, 0.875], [9.514262622221187, 10.400965282126368, 11.260914386354465, 12.106334127311143, 12.946257056230564, 13.370147342123087, 13.801454397772488, 14.25795799911086, 14.768516840120201, 15.000654075505633, 15.27007973453378, 15.583255609952857, 15.773469374304465, 15.98961540448444, 16.23952190498445, 16.555785016064487, 16.93042738280418, 17.453618938735218, 17.773369115638406, 18.167335981543154, 18.670420831560186, 19.316893501742584, 20.147264419472613, 21.327087155047085, 23.137899358244113, 26.20267340461886, 32.48313375301276, 51.61741830509664, 329.8000149729973]]}, "quasidiagonal": {"SWQPS": [[0.1, 0.2, 0.3, 0.4, 0.5, 0.55, 0.6, 0.65, 0.7, 0.72, 0.74, 0.76, 0.77, 0.78, 0.79, 0.8, 0.81, 0.82, 0.825, 0.83, 0.835, 0.84, 0.845, 0.85, 0.855, 0.86, 0.865, 0.87, 0.875, 0.88, 0.885, 0.89, 0.895, 0.9, 0.905, 0.91, 0.915, 0.92], [0.04519475360132707, 0.11102267615409213, 0.20937444817796314, 0.36017367116588245, 0.6015307403507029, 0.7752513318901432, 1.0107014413872388, 1.3330013437830623, 1.7989763733185689, 2.047126721776221, 2.3453428254993582, 2.707952218041186, 2.9246574107366583, 3.1663700530275842, 3.437571027061938, 3.75452358152908, 4.106738751127301, 4.528462907183644, 4.7579529343898805, 5.017217341579918, 5.288261850809547, 5.600793175074036, 5.949308773651643, 6.343664457175724, 6.7835671730747835, 7.281316219921046, 7.863735962677454, 8.557371443745556, 9.455956508242664, 10.56280389674503, 11.994343239267375, 14.122882647676928, 17.150478210045, 21.445221571894482, 28.727689400799196, 42.932561134028816, 93.31532116176703, 703.3775623641608]], "iSLIP": [[0.1, 0.2, 0.3, 0.4, 0.5, 0.55, 0.6, 0.65, 0.7, 0.72, 0.74, 0.76, 0.78, 0.8], [0.044682151756744906, 0.10825417375464796, 0.20030479912325727, 0.3396122291587146, 0.5661939191715692, 0.7416243549560617, 0.9937437858071013, 1.3983977298581156, 2.179358678502378, 2.7563237579264523, 3.7276477167075655, 5.773850438375057, 12.916768460170639, 1000.0026083068242]],