{"diagonal": {"SWQPS": [[0.1, 0.2, 0.3, 0.4, 0.5, 0.55, 0.6, 0.65, 0.7, 0.72, 0.74, 0.76, 0.77, 0.78, 0.79, 0.8, 0.81, 0.82, 0.825, 0.83, 0.835, 0.84, 0.845, 0.85, 0.855, 0.86, 0.865, 0.87, 0.875, 0.88, 0.885], [0.026045397603898776, 0.062152093149911325, 0.11445757721086257, 0.1936075615044442, 0.31916022832818075, 0.41355165304474584, 0.5406086244074723, 0.720443727203332, 0.9904282388479358, 1.1375006298540822, 1.3184042784736074, 1.5497937525885397, 1.6883620639897892, 1.8500501040204362, 2.034217299183272, 2.2488330106175267, 2.5080208103029613, 2.8185280045142367, 3.0022579907498588, 3.210752454288822, 3.4401782816157582, 3.704425260363335, 4.006070640076934, 4.3735756513808575, 4.792780112710679, 5.313916732600236, 5.968652471471755, 6.836173912341872, 8.110577092235394, 12.581031237413018, 1000.0007252240772]], "iSLIP": [[0.1, 0.2, 0.3, 0.4, 0.5, 0.55, 0.6, 0.65, 0.7, 0.72, 0.74, 0.76, 0.78, 0.8, 0.81, 0.82, 0.83], [0.025892538821353454, 0.06136735162371008, 0.11201557311414966, 0.18729392250833177, 0.30890372203867056, 0.4012166862403359, 0.5336566297779307, 0.7332755335359143, 1.0851760746877606, 1.3104734357825545, 1.6356424117384418, 2.1349591778661017, 3.0501790314377453, 5.249856107652507, 8.222276210937952, 19.3806398161853, 769.6376453489445]], "MWM": [[0.1, 0.2, 0.3, 0.4, 0.5, 0.55, 0.6, 0.65, 0.7, 0.72, 0.74, 0.76, 0.78, 0.8, 0.81, 0.82, 0.83, 0.84, 0.85, 0.855, 0.86, 0.865, 0.87, 0.875, 0.88, 0.885, 0.89, 0.895, 0.9, 0.905, 0.91, 0.915, 0.92, 0.925, 0.93, 0.935, 0.94, 0.945, 0.95, 0.955, 0.96, 0.965, 0.97, 0.975, 0.98, 0.99], [0.025928958595713973, 0.0614869572637015, 0.11099772231110283, 0.18252255464889883, 0.290064421650789, 0.3646810044458458, 0.461235361684805, 0.5911137282484856, 0.7686834671766637, 0.8599887323083969, 0.9680355645553541, 1.0991008414834684, 1.2553151915380285, 1.4511087060733805, 1.5667659473351654, 1.697502201886853, 1.845144699588536, 2.0097261760600285, 2.206051387771069, 2.3161895920417845, 2.429837021793093, 2.5597257418449257, 2.6940853651932346, 2.8371073125516104, 3.0023602074332922, 3.182266897646563, 3.3669570791762173, 3.5826337616946913, 3.812993681738416, 4.067646961504003, 4.356177884191161, 4.690430916503622, 5.042213564892038, 5.479865603123017, 5.934460242252194, 6.498778598391931, 7.136473443576553, 7.911889070780287, 8.85089361870261, 9.96033864543265, 11.39952499726906, 13.24225060000143, 15.729595520656016, 19.14810314696191, 24.36982969089641, 50.112927922392146]]}, "logdiagonal": {"SWQPS": [[0.1, 0.2, 0.3, 0.4, 0.5, 0.55, 0.6, 0.65, 0.7, 0.72, 0.74, 0.76, 0.77, 0.78, 0.79, 0.8, 0.81, 0.82, 0.825, 0.83, 0.835, 0.84, 0.845, 0.85, 0.855, 0.86, 0.865, 0.87, 0.875, 0.88, 0.885, 0.89, 0.895, 0.9, 0.905, 0.91, 0.915], [0.04002159220783217, 0.09744971720499847, 0.1821650045275586, 0.3120347600984324, 0.5195033040910486, 0.6723521909436285, 0.875617791426761, 1.1561557391773896, 1.5621764542483847, 1.7769749401400012, 2.0361549295157375, 2.3515241512061458, 2.537751088575138, 2.75024786940907, 2.980383791869622, 3.256099137728548, 3.5647238964863055, 3.9313938352203284, 4.127858431685896, 4.349472267675906, 4.597893121593139, 4.851044281086018, 5.155428693093666, 5.48835751661072, 5.855833107550707, 6.264722708145558, 6.762996484461952, 7.337985299913649, 8.00749732456411, 8.856962818702288, 9.980888318201487, 11.571170748329937, 14.012041576808182, 18.188530865543452, 26.37539071544888, 49.09091021520592, 324.36200082120877]], "iSLIP": [[0.1, 0.2, 0.3, 0.4, 0.5, 0.55, 0.6, 0.65, 0.7, 0.72, 0.74, 0.76, 0.78, 0.8, 0.81, 0.82], [0.03971620126034341, 0.09567822496860466, 0.1772049713261363, 0.299016943996941, 0.49889875134852224, 0.6504230733782811, 0.8654414202500059, 1.1978382207957836, 1.7870001013667065, 2.179947315314009, 2.786226637786652, 3.819667303262705, 6.141640702245701, 16.974780905813468, 206.81657766967407, 1000.0045984322145]], "MWM": [[0.1, 0.2, 0.3, 0.4, 0.5, 0.55, 0.6, 0.65, 0.7, 0.72, 0.74, 0.76, 0.78, 0.8, 0.81, 0.82, 0.83, 0.84, 0.85, 0.855, 0.86, 0.865, 0.87, 0.875, 0.88, 0.885, 0.89, 0.895, 0.9, 0.905, 0.91, 0.915, 0.92, 0.925, 0.93, 0.935, 0.94, 0.945, 0.95, 0.955, 0.96, 0.965, 0.97, 0.975, 0.98, 0.99], [0.0396382975761204, 0.09461948637780382, 0.1714691793336212, 0.2784279461492002, 0.4328970986890377, 0.5370016267171915, 0.6659906178357753, 0.8326202840741299, 1.0542496405574375, 1.1651688037985637, 1.2917309881240162, 1.4455173863836555, 1.6226523748310728, 1.8375094388682545, 1.9639359475501161, 2.1024576129873687, 2.2567889928834757, 2.4323939557825347, 2.632218211584165, 2.744765963720296, 2.864890810938953, 2.9897372075205144, 3.129559195861641, 3.272528127868606, 3.4350343767196705, 3.6122909467539843, 3.8132477336689012, 4.005880196980355, 4.24466863988495, 4.493340906230265, 4.757251440855743, 5.072526918872601, 5.409565581908659, 5.818976758611716, 6.243879971058266, 6.750388268069806, 7.341781279211675, 8.004285958858556, 8.827117226898753, 9.779282687639242, 10.99396719540055, 12.546241172871717, 14.485979783685634, 17.303856918039347, 21.538756460017062, 40.73868090326529]]}, "quasidiagonal": {"SWQPS": [[0.1, 0.2, 0.3, 0.4, 0.5, 0.55, 0.6, 0.65, 0.7, 0.72, 0.74, 0.76, 0.77, 0.78, 0.79, 0.8, 0.81, 0.82, 0.825, 0.83, 0.835, 0.84, 0.845, 0.85, 0.855, 0.86, 0.865, 0.87, 0.875, 0.88, 0.885, 0.89, 0.895, 0.9, 0.905, 0.91, 0.915, 0.92], [0.04507821172410631, 0.1109791164217063, 0.2092063719040627, 0.36003581619326475, 0.5989815207028432, 0.7741081703346443, 1.0076929531961314, 1.3274960566488168, 1.7889279009506578, 2.0354955097570624, 2.3311918683577413, 2.694307082693383, 2.9066319479294243, 3.1448206006278254, 3.417031900894109, 3.719948046696941, 4.079195823378962, 4.48733934317147, 4.721812588250167, 4.977765340061343, 5.258545236866406, 5.568208538609847, 5.907093484363505, 6.283414969477272, 6.734137695865653, 7.227352733040708, 7.824591678596346, 8.529146591293763, 9.399991367555742, 10.542815585925304, 12.03158415804878, 14.180913369550321, 17.013350895036034, 21.312705820434886, 27.787199748958148, 40.03822238388711, 75.38311533719639, 493.70090195504326]], "iSLIP": [[0.1, 0.2, 0.3, 0.4, 0.5, 0.55, 0.6, 0.65, 0.7, 0.72, 0.74, 0.76, 0.78, 0.8], [0.044682151756744906, 0.10825417375464796, 0.20030479912325727, 0.3396122291587146, 0.5661939191715692, 0.7416243549560617, 0.9937437858071013, 1.3983977298581156, 2.179358678502378, 2.7563237579264523, 3.7276477167075655, 5.773850438375057, 12.916768460170639, 1000.0026083068242]], "MWM": [[0.1, 0.2, 0.3, 0.4, 0.5, 0.55, 0.6, 0.65, 0.7, 0.72, 0.74, 0.76, 0.78, 0.8, 0.81, 0.82, 0.83, 0.84, 0.85, 0.855, 0.86, 0.865, 0.87, 0.875, 0.88, 0.885, 0.89, 0.895, 0.9, 0.905, 0.91, 0.915, 0.92, 0.925, 0.93, 0.935, 0.94, 0.945, 0.95, 0.955, 0.96, 0.965, 0.97, 0.975, 0.98, 0.99], [0.04478949215891733, 0.10750010416904687, 0.1929721799056405, 0.31265271140294104, 0.4808855148131948, 0.5910958836656705, 0.7265919433972855, 0.8965030962284953, 1.1161796452902224, 1.2224361833900392, 1.3405564255505775, 1.4815136181698665, 1.6445438472403107, 1.8336613534512012, 1.9458269834024213, 2.063956714903358, 2.1990923307801546, 2.34922508517258, 2.5161433734834318, 2.603369276229947, 2.702530294036262, 2.8097228616360677, 2.917839099569426, 3.042929506623137, 3.176721306756704, 3.315517861255414, 3.4708859295662426, 3.6451198226901234, 3.8223894442036688, 4.024815987794145, 4.257884740324118, 4.512972437216381, 4.8101560138411745, 5.129090558756052, 5.497639372788354, 5.898181146534487, 6.4677410544254625, 7.072119512715978, 7.8002918734073186, 8.667780691200132, 9.620669745109526, 11.014031449675585, 12.878878642433852, 15.38993337837012, 19.47371079423139, 37.43487163751639]]}, "switch_size": "64X64",