{"diagonal": {"sliding_window_qps_frame_4": [[0.1, 0.2, 0.3, 0.4, 0.5, 0.55, 0.6, 0.65, 0.7, 0.72, 0.74, 0.76, 0.77, 0.78, 0.79, 0.8, 0.81, 0.82, 0.825, 0.83, 0.835, 0.84, 0.845, 0.85, 0.855], [0.02605486728009643, 0.06216823787310158, 0.11456834116714845, 0.1936629773531471, 0.31905998668784913, 0.41335946978595145, 0.5417515443278665, 0.7260123777660824, 1.012210121931196, 1.175655277334194, 1.388308850685093, 1.68727289793888, 1.8783123506597466, 2.1237617041122943, 2.439506016637386, 2.8596039681491643, 3.4731227592290397, 4.426399379029285, 5.170776937288758, 6.225603649580716, 7.881043923130888, 10.722491621873713, 17.912038127340608, 108.34417382001611, 1000.0022263286019]], "sliding_window_qps_frame_8": [[0.1, 0.2, 0.3, 0.4, 0.5, 0.55, 0.6, 0.65, 0.7, 0.72, 0.74, 0.76, 0.77, 0.78, 0.79, 0.8, 0.81, 0.82, 0.825, 0.83, 0.835, 0.84, 0.845, 0.85, 0.855, 0.86, 0.865, 0.87, 0.875], [0.026067422654242375, 0.062287494000351815, 0.11455239864220329, 0.19330833999420854, 0.31926812628339224, 0.4126594748671833, 0.5406398010708109, 0.7197441855414884, 0.9907836482070064, 1.1367353737020303, 1.3204671753082273, 1.5526254022073556, 1.6907256809141888, 1.8531803302837941, 2.041115571464024, 2.2643145034855148, 2.536607004708444, 2.873102593462303, 3.086463350107179, 3.3191031392855392, 3.5973543575247513, 3.9520166288250227, 4.3882255966323145, 4.970452771570259, 5.855242314501657, 7.320494753991737, 10.637285260849303, 24.90954232811936, 699.0473152710523]], "sliding_window_qps_frame_16": [[0.1, 0.2, 0.3, 0.4, 0.5, 0.55, 0.6, 0.65, 0.7, 0.72, 0.74, 0.76, 0.77, 0.78, 0.79, 0.8, 0.81, 0.82, 0.825, 0.83, 0.835, 0.84, 0.845, 0.85, 0.855, 0.86, 0.865, 0.87, 0.875, 0.88, 0.885], [0.026045397603898776, 0.062152093149911325, 0.11445757721086257, 0.1936075615044442, 0.31916022832818075, 0.41355165304474584, 0.5406086244074723, 0.720443727203332, 0.9904282388479358, 1.1375006298540822, 1.3184042784736074, 1.5497937525885397, 1.6883620639897892, 1.8500501040204362, 2.034217299183272, 2.2488330106175267, 2.5080208103029613, 2.8185280045142367, 3.0022579907498588, 3.210752454288822, 3.4401782816157582, 3.704425260363335, 4.006070640076934, 4.3735756513808575, 4.792780112710679, 5.313916732600236, 5.968652471471755, 6.836173912341872, 8.110577092235394, 12.581031237413018, 1000.0007252240772]], "sliding_window_qps_frame_32": [[0.1, 0.2, 0.3, 0.4, 0.5, 0.55, 0.6, 0.65, 0.7, 0.72, 0.74, 0.76, 0.77, 0.78, 0.79, 0.8, 0.81, 0.82, 0.825, 0.83, 0.835, 0.84, 0.845, 0.85, 0.855, 0.86, 0.865, 0.87, 0.875, 0.88, 0.885, 0.89], [0.02605876195308428, 0.06219931412360124, 0.1144908158174219, 0.19358109158228495, 0.3189660558565474, 0.4126216588718801, 0.5405960258795608, 0.719555995744837, 0.9902101471306202, 1.1365907547733147, 1.3197291859137537, 1.5517477265515032, 1.6867545156130104, 1.8458545242355024, 2.034382354174027, 2.2514334311384117, 2.506795483889322, 2.8255423169558433, 3.00458280416969, 3.206920338370923, 3.442516410811664, 3.704395219831391, 3.9990595912325855, 4.367325686420563, 4.786940399018773, 5.304653481162373, 5.937999919994718, 6.771398949843847, 7.911044353215501, 9.685808735636847, 13.060665889177388, 1000.0081408706286]]}, "quasi-diagonal": {"sliding_window_qps_frame_4": [[0.1, 0.2, 0.3, 0.4, 0.5, 0.55, 0.6, 0.65, 0.7, 0.72, 0.74, 0.76, 0.77, 0.78, 0.79, 0.8, 0.81, 0.82, 0.825, 0.83], [0.045101901780619125, 0.11107507172457762, 0.20881281255760717, 0.36080038166278927, 0.6039282840956298, 0.7859264515192095, 1.0423414809667815, 1.4338851612768444, 2.1266612342801428, 2.5877626018226016, 3.2856025354950176, 4.432073002127783, 5.325038254796563, 6.5922909987561, 8.56589967502935, 11.956478526643773, 19.25004675364847, 45.33641299753615, 192.9859215583546, 1000.0001700690734]], "sliding_window_qps_frame_8": [[0.1, 0.2, 0.3, 0.4, 0.5, 0.55, 0.6, 0.65, 0.7, 0.72, 0.74, 0.76, 0.77, 0.78, 0.79, 0.8, 0.81, 0.82, 0.825, 0.83, 0.835, 0.84, 0.845, 0.85, 0.855, 0.86, 0.865, 0.87, 0.875, 0.88, 0.885], [0.04502258514538481, 0.11108184629490667, 0.20898365466733346, 0.3594761136790473, 0.5984932161002042, 0.7756408651510491, 1.0058390512369768, 1.3303741053921123, 1.7980013029649673, 2.0560589754068874, 2.373798994141807, 2.780170688926631, 3.043919961596785, 3.3460393701630715, 3.714869705944683, 4.163390845680204, 4.7810926457298155, 5.579473028466764, 6.1167405407059965, 6.765430214413098, 7.562258776050565, 8.501374842801798, 9.759111045701385, 11.35985846806645, 13.466565878124156, 16.41861299187715, 21.17949902195175, 29.85083186644462, 50.9980694798034, 228.80989562703905, 1000.0007558058861]], "sliding_window_qps_frame_16": [[0.1, 0.2, 0.3, 0.4, 0.5, 0.55, 0.6, 0.65, 0.7, 0.72, 0.74, 0.76, 0.77, 0.78, 0.79, 0.8, 0.81, 0.82, 0.825, 0.83, 0.835, 0.84, 0.845, 0.85, 0.855, 0.86, 0.865, 0.87, 0.875, 0.88, 0.885, 0.89, 0.895, 0.9, 0.905, 0.91, 0.915, 0.92], [0.04507821172410631, 0.1109791164217063, 0.2092063719040627, 0.36003581619326475, 0.5989815207028432, 0.7741081703346443, 1.0076929531961314, 1.3274960566488168, 1.7889279009506578, 2.0354955097570624, 2.3311918683577413, 2.694307082693383, 2.9066319479294243, 3.1448206006278254, 3.417031900894109, 3.719948046696941, 4.079195823378962, 4.48733934317147, 4.721812588250167, 4.977765340061343, 5.258545236866406, 5.568208538609847, 5.907093484363505, 6.283414969477272, 6.734137695865653, 7.227352733040708, 7.824591678596346, 8.529146591293763, 9.399991367555742, 10.542815585925304, 12.03158415804878, 14.180913369550321, 17.013350895036034, 21.312705820434886, 27.787199748958148, 40.03822238388711, 75.38311533719639, 493.70090195504326]], "sliding_window_qps_frame_32": [[0.1, 0.2, 0.3, 0.4, 0.5, 0.55, 0.6, 0.65, 0.7, 0.72, 0.74, 0.76, 0.77, 0.78, 0.79, 0.8, 0.81, 0.82, 0.825, 0.83, 0.835, 0.84, 0.845, 0.85, 0.855, 0.86, 0.865, 0.87, 0.875, 0.88, 0.885, 0.89, 0.895, 0.9, 0.905, 0.91, 0.915, 0.92, 0.925, 0.93, 0.935, 0.94, 0.945, 0.95], [0.045159683935585955, 0.11092556655137233, 0.20906973252997332, 0.3602024331579721, 0.599505973417079, 0.7741205531958955, 1.0073727991105978, 1.3277196743936193, 1.7906205367246246, 2.0353819624833234, 2.3300685179258047, 2.6922051453419753, 2.9063656691145248, 3.139967120561885, 3.4123269051837064, 3.716121197487455, 4.067442113784099, 4.475225139626784, 4.695597639739582, 4.942227503102744, 5.203592723547451, 5.50337464101013, 5.821180656581637, 6.155370219714542, 6.534320579194074, 6.947753870814746, 7.411742883023351, 7.935061149854217, 8.507377322776314, 9.161240653048116, 9.874119536861194, 10.674667297670473, 11.598386473781648, 12.66606103731621, 13.910884843671653, 15.34834208419796, 17.143234427270308, 19.448471309502235, 22.897302514957453, 28.92180753633524, 38.517977880615845, 57.783064418331726, 110.25292008142942, 517.1317326823159]]}, "log-diagonal": {"sliding_window_qps_frame_4": [[0.1, 0.2, 0.3, 0.4, 0.5, 0.55, 0.6, 0.65, 0.7, 0.72, 0.74, 0.76, 0.77, 0.78, 0.79, 0.8, 0.81, 0.82, 0.825, 0.83, 0.835, 0.84], [0.03994959954009927, 0.09725744644877386, 0.18228632726672606, 0.3124132871335127, 0.5218406763499315, 0.6773459210016874, 0.893338582028407, 1.2082917021063948, 1.732257283960844, 2.052513740548058, 2.5131451294559053, 3.1912407672943743, 3.6797776435979497, 4.3286747885459596, 5.242875719677573, 6.561354423888725, 8.818268521600263, 13.505195399475125, 18.509098563018235, 30.075176851301492, 96.86365295270306, 848.9496343428783]],