{"diagonal": {"sliding_window_qps_frame_4": [[0.1, 0.2, 0.3, 0.4, 0.5, 0.55, 0.6, 0.65, 0.7, 0.72, 0.74, 0.76, 0.77, 0.78, 0.79, 0.8, 0.81, 0.82, 0.825, 0.83, 0.835, 0.84, 0.845, 0.85, 0.855], [0.026064642631352695, 0.062431549174773504, 0.11468690087784714, 0.19308226911092738, 0.31940778412014104, 0.41353548089980846, 0.5422113661317527, 0.7251372598136673, 1.0118489847078813, 1.1752798156093776, 1.3898242139079535, 1.6854546650122078, 1.8814285926615868, 2.1198904200759388, 2.4363817386396254, 2.8607003221538374, 3.468028264410337, 4.414545883103288, 5.200586734920379, 6.247443913558402, 7.858104384244264, 10.798109495711246, 17.591057716710772, 102.99282783108463, 1000.0007229023984]], "sliding_window_qps_frame_8": [[0.1, 0.2, 0.3, 0.4, 0.5, 0.55, 0.6, 0.65, 0.7, 0.72, 0.74, 0.76, 0.77, 0.78, 0.79, 0.8, 0.81, 0.82, 0.825, 0.83, 0.835, 0.84, 0.845, 0.85, 0.855, 0.86, 0.865, 0.87, 0.875], [0.026064663284392678, 0.06223559743208403, 0.11459657260865867, 0.19309045065619665, 0.31955003255183, 0.41315679232746433, 0.5404801254242557, 0.7194621617286354, 0.988616940010003, 1.1360356619937473, 1.3210682534190221, 1.5521773586663465, 1.6929216494847403, 1.8560529441411726, 2.0440127332830746, 2.2622024498753013, 2.5376656785216127, 2.876353936241607, 3.0825734860241987, 3.3254887842873426, 3.603664646672703, 3.952699586890501, 4.373290573603348, 4.975332069588689, 5.860985079427179, 7.347057522469354, 10.688497759158816, 25.144227606388903, 703.8337259948361]], "sliding_window_qps_frame_16": [[0.1, 0.2, 0.3, 0.4, 0.5, 0.55, 0.6, 0.65, 0.7, 0.72, 0.74, 0.76, 0.77, 0.78, 0.79, 0.8, 0.81, 0.82, 0.825, 0.83, 0.835, 0.84, 0.845, 0.85, 0.855, 0.86, 0.865, 0.87, 0.875, 0.88, 0.885], [0.026056307168342025, 0.06224816293098153, 0.11444121702731476, 0.19272835449748565, 0.31894754235627915, 0.41249709828127396, 0.5402742587155955, 0.7190451229656586, 0.9911732304009476, 1.1381980692118916, 1.321392225538896, 1.5496223083126908, 1.6883187692065613, 1.850208957901423, 2.0309910509767346, 2.2479715552038813, 2.509681208088464, 2.8233102174654645, 3.0059390908155104, 3.2067966975961544, 3.4431369130238627, 3.7052736444315837, 4.000598991588383, 4.370380078307546, 4.785393921107888, 5.308447443333297, 5.957919446895913, 6.819833497209774, 8.121060367774945, 11.863755861518724, 1000.0026523513147]], "sliding_window_qps_frame_32": [[0.1, 0.2, 0.3, 0.4, 0.5, 0.55, 0.6, 0.65, 0.7, 0.72, 0.74, 0.76, 0.77, 0.78, 0.79, 0.8, 0.81, 0.82, 0.825, 0.83, 0.835, 0.84, 0.845, 0.85, 0.855, 0.86, 0.865, 0.87, 0.875, 0.88, 0.885, 0.89], [0.02604697412656617, 0.06218344393992316, 0.11460760060139408, 0.1930025763120408, 0.31978972753652907, 0.41268875558036683, 0.5408665158540771, 0.7203615938635487, 0.9910714373294931, 1.1364759925359589, 1.3193588476141316, 1.5500472017212377, 1.6875351048149203, 1.8483195712037612, 2.0320735384940942, 2.246020954925036, 2.5051336224575635, 2.823524832958698, 3.003491961256581, 3.209176901209437, 3.4388705232913654, 3.698870282514759, 4.006052630283884, 4.365422183818704, 4.787856980918792, 5.305449387442518, 5.946810229768531, 6.791228960493672, 7.927645834620433, 9.684826481097073, 12.967255601021854, 1000.0074614006875]]}, "quasidiagonal": {"sliding_window_qps_frame_4": [[0.1, 0.2, 0.3, 0.4, 0.5, 0.55, 0.6, 0.65, 0.7, 0.72, 0.74, 0.76, 0.77, 0.78, 0.79, 0.8, 0.81, 0.82, 0.825], [0.045128652160951487, 0.11094302615019547, 0.20929615999025009, 0.3601057203075812, 0.6042620451340711, 0.7887617502170229, 1.0443485942623139, 1.4379346728330837, 2.1344342152013795, 2.599705622892032, 3.289529951098732, 4.455573963290088, 5.339376090282486, 6.615831413696395, 8.6934461185012, 12.245477876250085, 19.99920559886086, 51.89681183979717, 289.1208176690424]], "sliding_window_qps_frame_8": [[0.1, 0.2, 0.3, 0.4, 0.5, 0.55, 0.6, 0.65, 0.7, 0.72, 0.74, 0.76, 0.77, 0.78, 0.79, 0.8, 0.81, 0.82, 0.825, 0.83, 0.835, 0.84, 0.845, 0.85, 0.855, 0.86, 0.865, 0.87, 0.875, 0.88], [0.04505795062407868, 0.11094765031510952, 0.20890508770374167, 0.36044431841885316, 0.6007392848031036, 0.7764217025060025, 1.0101310746683527, 1.3344162897552672, 1.8091740084564776, 2.0681812618946127, 2.38522738215101, 2.8006540533752604, 3.0562144586539235, 3.368586349898418, 3.730351695383167, 4.196178641029269, 4.7867805469658276, 5.608469981718604, 6.135533469272632, 6.759470038710285, 7.570765298416466, 8.514755688873263, 9.874470695143291, 11.465704655346922, 13.750485444040915, 17.002659972294378, 22.219131567139144, 32.18940081372854, 59.860018774074234, 403.4365748481976]], "sliding_window_qps_frame_16": [[0.1, 0.2, 0.3, 0.4, 0.5, 0.55, 0.6, 0.65, 0.7, 0.72, 0.74, 0.76, 0.77, 0.78, 0.79, 0.8, 0.81, 0.82, 0.825, 0.83, 0.835, 0.84, 0.845, 0.85, 0.855, 0.86, 0.865, 0.87, 0.875, 0.88, 0.885, 0.89, 0.895, 0.9, 0.905, 0.91, 0.915, 0.92], [0.04519475360132707, 0.11102267615409213, 0.20937444817796314, 0.36017367116588245, 0.6015307403507029, 0.7752513318901432, 1.0107014413872388, 1.3330013437830623, 1.7989763733185689, 2.047126721776221, 2.3453428254993582, 2.707952218041186, 2.9246574107366583, 3.1663700530275842, 3.437571027061938, 3.75452358152908, 4.106738751127301, 4.528462907183644, 4.7579529343898805, 5.017217341579918, 5.288261850809547, 5.600793175074036, 5.949308773651643, 6.343664457175724, 6.7835671730747835, 7.281316219921046, 7.863735962677454, 8.557371443745556, 9.455956508242664, 10.56280389674503, 11.994343239267375, 14.122882647676928, 17.150478210045, 21.445221571894482, 28.727689400799196, 42.932561134028816, 93.31532116176703, 703.3775623641608]], "sliding_window_qps_frame_32": [[0.1, 0.2, 0.3, 0.4, 0.5, 0.55, 0.6, 0.65, 0.7, 0.72, 0.74, 0.76, 0.77, 0.78, 0.79, 0.8, 0.81, 0.82, 0.825, 0.83, 0.835, 0.84, 0.845, 0.85, 0.855, 0.86, 0.865, 0.87, 0.875, 0.88, 0.885, 0.89, 0.895, 0.9, 0.905, 0.91, 0.915, 0.92, 0.925, 0.93, 0.935, 0.94, 0.945, 0.95], [0.045073017517895636, 0.1112405387962682, 0.20905787440360848, 0.360011658959043, 0.6006783096108841, 0.776687332707538, 1.0104586038839776, 1.333746892147179, 1.800284200176933, 2.047329725200391, 2.3497679898106867, 2.709116631262293, 2.9247503717214474, 3.1661122854707133, 3.434730009697047, 3.7444864625660688, 4.096196597037285, 4.5062265019613905, 4.7368187747726305, 4.973435008480717, 5.247394488228906, 5.532522150769876, 5.847375998636282, 6.197375277078521, 6.593151963397325, 7.007905468842011, 7.476434624147394, 7.984350181022259, 8.567093709671793, 9.194696976330867, 9.940208322745812, 10.730935384100977, 11.680542407361674, 12.771748168358892, 13.97502517316019, 15.46180635602303, 17.178657819101034, 19.518044796277618, 22.94555050750462, 28.745815044642164, 39.55428796672913, 62.287396188243044, 139.19177467387064, 707.2978337411505]]}, "logdiagonal": {"sliding_window_qps_frame_4": [[0.1, 0.2, 0.3, 0.4, 0.5, 0.55, 0.6, 0.65, 0.7, 0.72, 0.74, 0.76, 0.77, 0.78, 0.79, 0.8, 0.81, 0.82, 0.825, 0.83, 0.835, 0.84], [0.03994474282650495, 0.09735715808170516, 0.18231856922513764, 0.31230483945236476, 0.5219304496489492, 0.6771787812610113, 0.8915631215780724, 1.2084350431697295, 1.7305834818274728, 2.055928778176256, 2.5069240394358308, 3.187489698645435, 3.6829355917858058, 4.340834865870657, 5.2426496555572, 6.601467303192138, 8.896366661739703, 13.601871920160043, 18.79415626702681, 31.96808137284406, 105.76460688894942, 882.9920285059213]],